TIMESTAMP,RECORD,BattV,PTemp_C,PAR_Den_Avg,PAR_Tot_Tot,BP_kPa_Avg,AirTC_Avg,RH,Rain_mm_Tot,WS_ms_Avg,WindDir,SR01Up_Avg,SR01Dn_Avg,IR01UpCo_Avg,IR01DnCo_Avg,NR01TK_Avg,Albedo_Avg
"2023-07-11 07:00:00",1,12.280903,12.552274,0.732926,0.073694,100.802203,12.950807,67.131564,2.575579,3.877567,181.050825,236.654911,329.422658,245.405734,413.493755,285.843409,0.119450
"2023-07-11 07:10:00",2,12.202765,12.969273,0.608928,0.090026,100.009913,10.264038,58.407704,0.679593,3.385066,41.718348,279.643766,278.372448,300.327143,200.674369,281.066284,0.235236
"2023-07-11 07:20:00",3,12.104207,12.205993,0.856577,0.089015,103.769871,10.802140,51.308152,3.626724,3.132139,225.297436,375.662880,375.774908,369.572380,448.760527,289.200777,0.406879
"2023-07-11 07:30:00",4,12.167994,12.088477,0.964199,0.047488,100.241383,10.215907,54.558265,0.460881,1.441012,46.618896,395.905690,493.567359,453.691356,454.790100,288.870635,0.177192
"2023-07-11 07:40:00",5,12.079271,12.088749,0.479167,0.043813,103.369618,14.786320,66.278442,3.650233,1.481613,263.866488,249.467617,429.829828,388.369626,231.996838,286.395473,0.060066
"2023-07-11 07:50:00",6,12.115685,12.308513,0.328570,0.052166,103.275724,11.394562,54.712477,4.480128,1.431820,287.538881,370.033168,464.713563,409.274951,220.850438,284.298527,0.378300
"2023-07-11 08:00:00",7,12.082343,12.742081,0.744264,0.074885,102.353361,14.677131,56.290288,1.712913,4.940966,252.349103,261.012479,355.853137,448.374579,492.289374,291.965187,0.148503
"2023-07-11 08:10:00",8,12.215079,12.876452,0.549018,0.030696,103.729638,11.324069,51.356366,4.557920,4.036321,248.284806,493.828249,380.302661,369.689504,392.765848,293.717847,0.217067
"2023-07-11 08:20:00",9,12.016184,12.325713,0.855939,0.069878,103.618230,14.130826,60.794689,0.215625,4.647973,232.195013,241.379403,444.257663,467.684111,298.592100,291.062712,0.084575
"2023-07-11 08:30:00",10,12.295140,12.869456,0.587986,0.078566,100.744850,12.668472,63.028701,0.990683,3.715972,295.293283,304.017095,359.229555,470.932128,298.225877,296.321512,0.408005
"2023-07-11 08:40:00",11,12.344374,12.273703,0.252634,0.020007,101.377370,10.868079,60.631014,1.450394,3.024639,313.389430,382.047584,317.399718,452.711932,266.892956,291.581029,0.183993
"2023-07-11 08:50:00",12,12.169058,12.331095,0.979929,0.062654,102.769691,14.791720,59.991179,4.578765,4.534141,147.058939,435.493246,435.651315,232.099724,334.501232,285.197973,0.022867
"2023-07-11 09:00:00",13,12.082940,12.411653,0.824954,0.062590,100.381683,12.794607,58.807190,1.256039,2.271416,56.185232,441.397625,225.155276,414.558627,459.661993,289.899575,0.236674
"2023-07-11 09:10:00",14,12.067777,12.224236,0.688235,0.036166,102.049159,12.224356,62.394129,4.789869,3.659937,307.466666,258.405402,459.091581,226.620544,309.330818,292.264245,0.479245
"2023-07-11 09:20:00",15,12.077215,12.480416,0.554281,0.068971,104.435266,12.413042,60.728239,0.599821,2.368097,122.779417,338.633195,208.688122,441.525777,268.222126,293.348895,0.024865
"2023-07-11 09:30:00",16,12.456503,12.276342,0.161676,0.072210,102.382801,12.582989,54.447605,0.910824,3.224506,84.406900,333.761992,336.910812,361.772856,397.828795,284.043345,0.205850
"2023-07-11 09:40:00",17,12.020388,12.646841,0.880494,0.073834,101.506739,12.569096,55.279086,0.373687,1.378000,165.922615,362.989569,327.701657,419.315902,451.318628,288.049484,0.054312
"2023-07-11 09:50:00",18,12.348141,12.366316,0.281175,0.023419,103.394745,14.115407,56.316381,2.768505,1.187013,27.088662,452.845977,386.397341,301.182077,350.795375,281.396962,0.352871
"2023-07-11 10:00:00",19,12.495285,12.168322,0.134517,0.036821,104.679344,10.197761,54.204720,0.329587,2.015513,338.049575,200.050364,266.587960,422.174797,477.664883,296.844802,0.370810
"2023-07-11 10:10:00",20,12.434263,12.633621,0.995659,0.066907,104.338803,14.769712,58.482796,1.202109,2.051430,65.146205,437.919369,280.426174,241.129397,274.405146,282.857443,0.145398
"2023-07-11 10:20:00",21,12.115870,12.798511,0.170347,0.071655,104.673637,11.083313,62.667064,0.508532,4.456685,332.266180,425.117586,464.040677,265.908641,245.095041,288.567033,0.005979
"2023-07-11 10:30:00",22,12.370464,12.509230,0.941515,0.044856,100.729637,12.675938,55.357309,0.181853,4.305316,284.431660,398.098452,256.830022,272.803053,498.181583,283.679593,0.128918
"2023-07-11 10:40:00",23,12.489235,12.750833,0.878890,0.052695,104.431385,12.365306,56.006256,3.940390,4.608797,116.479729,392.033847,353.655237,217.972228,233.658519,292.075023,0.096702
"2023-07-11 10:50:00",24,12.144764,12.110143,0.426047,0.088436,101.795064,12.784829,64.266685,2.581453,1.173110,251.727002,445.634758,206.375187,226.963695,457.100890,282.589960,0.415330
"2023-07-11 11:00:00",25,12.300886,12.037455,0.539994,0.040651,101.358970,11.689532,59.000640,2.934130,1.313705,205.280127,201.330556,416.736482,325.525918,395.850476,296.720978,0.419523
"2023-07-11 11:10:00",26,12.077588,12.583870,0.352515,0.056229,103.675115,10.020143,64.440561,3.323040,4.777178,63.566431,365.816777,223.695422,349.400784,217.799525,288.682392,0.172354
"2023-07-11 11:20:00",27,12.024599,12.976232,0.996429,0.014739,102.906884,10.561822,69.288455,1.704448,4.616417,243.253401,351.276512,482.187832,276.435505,282.619920,293.737067,0.384022
"2023-07-11 11:30:00",28,12.004218,12.564480,0.180038,0.032668,103.958832,10.219893,53.143729,1.428604,2.891614,203.797677,463.665387,410.589358,384.981948,490.224119,286.465312,0.050774
"2023-07-11 11:40:00",29,12.220049,12.152677,0.128228,0.023144,104.160032,12.523213,65.440478,3.345738,4.695807,80.199687,454.938751,318.955425,203.988516,369.808320,284.265096,0.466479
"2023-07-11 11:50:00",30,12.230194,12.462068,0.274145,0.099201,101.748807,12.331498,57.338185,4.162934,1.583858,69.853875,253.963705,418.362265,477.668791,461.651173,297.547439,0.264611
"2023-07-11 12:00:00",31,12.451957,12.851133,0.334312,0.071872,101.372416,12.289861,61.828951,3.048915,2.823187,122.046567,283.924663,372.859373,201.543009,491.463134,281.972136,0.051117
"2023-07-11 12:10:00",32,12.282458,12.812091,0.355497,0.068143,101.307686,12.164230,52.420608,2.880801,3.458553,190.487825,288.336184,222.038570,312.397558,428.229898,291.144330,0.381553
"2023-07-11 12:20:00",33,12.061223,12.463266,0.118412,0.041015,100.291832,14.982527,58.633669,0.457227,4.467559,110.266865,399.952803,299.959565,267.700738,210.805422,288.392253,0.015571
"2023-07-11 12:30:00",34,12.145016,12.103451,0.708515,0.038003,100.384501,10.371713,68.600450,4.462362,4.741639,168.744834,335.086797,411.176246,489.005138,378.264461,299.829859,0.487867
"2023-07-11 12:40:00",35,12.376925,12.826284,0.242528,0.088635,102.205332,10.061035,50.279649,4.963544,3.906627,223.656176,481.188137,457.962597,307.297824,264.294518,299.502234,0.008104
"2023-07-11 12:50:00",36,12.253884,12.282382,0.510437,0.053881,101.371642,14.775174,64.245499,0.410870,4.140725,177.445289,318.789473,249.822432,216.214705,299.130005,293.509105,0.487048
"2023-07-11 13:00:00",37,12.319570,12.272308,0.348194,0.081280,101.211425,13.847680,53.388483,4.339142,1.764599,79.777791,257.735448,348.303678,224.633016,428.381513,292.620231,0.383945
"2023-07-11 13:10:00",38,12.429422,12.904415,0.421763,0.013434,103.746606,10.135867,63.978188,2.003332,4.951977,140.278602,496.003064,415.189916,470.523150,331.884410,297.038806,0.345704
"2023-07-11 13:20:00",39,12.146003,12.799924,0.277818,0.098298,101.999249,13.649145,61.692010,1.308272,1.242132,174.555667,322.175066,337.305324,347.851323,202.174426,282.856937,0.315485
"2023-07-11 13:30:00",40,12.214906,12.346765,0.653020,0.059265,103.737048,11.287439,55.303505,4.959774,4.000528,130.759811,468.893025,377.131131,238.715103,293.044615,290.999345,0.270899
"2023-07-11 13:40:00",41,12.400321,12.762752,0.810155,0.082080,100.731528,13.461925,60.253073,3.740695,2.214591,319.691166,232.087861,394.298997,217.205882,447.273989,299.861042,0.219012
"2023-07-11 13:50:00",42,12.164798,12.122625,0.833183,0.058326,101.861844,14.632350,56.016479,3.527045,4.597267,111.617331,205.528274,227.267329,474.311617,251.576990,299.579474,0.218160
"2023-07-11 14:00:00",43,12.312376,12.737881,0.894218,0.062637,100.359944,14.874182,62.075952,0.793645,2.799987,97.159956,358.640161,345.835544,293.108523,253.823316,292.939302,0.203647
"2023-07-11 14:10:00",44,12.187142,12.032456,0.441421,0.033373,104.614788,13.826009,67.161533,1.923126,3.428114,249.352674,461.834078,348.451731,422.418502,465.399138,297.681408,0.220796
"2023-07-11 14:20:00",45,12.440628,12.478526,0.167597,0.050083,102.163447,14.317667,56.196537,0.225261,2.525117,179.073877,316.770581,410.042695,260.846793,497.887089,285.178148,0.288719
"2023-07-11 14:30:00",46,12.237730,12.245729,0.192230,0.066576,100.166000,13.473656,52.406943,0.223425,4.078859,258.271505,458.090956,296.429021,312.435137,439.783995,289.209103,0.456697
"2023-07-11 14:40:00",47,12.401675,12.061184,0.499190,0.038593,103.611871,14.499733,55.908727,3.133888,4.107537,266.488862,228.396865,211.533648,269.858633,398.364376,289.215031,0.272410
"2023-07-11 14:50:00",48,12.141471,12.382308,0.696174,0.021909,103.774969,13.414975,50.708147,3.214906,3.272662,134.676909,302.940496,468.384885,283.397886,420.338416,281.551150,0.411272
"2023-07-11 15:00:00",49,12.298500,12.378306,0.333910,0.087250,104.802676,10.050840,67.357507,3.881853,3.291692,356.206793,264.870483,245.853426,388.351772,260.649893,296.335167,0.277497
"2023-07-11 15:10:00",50,12.398901,12.599101,0.455717,0.038951,100.918600,11.759079,60.022828,2.223272,3.075760,39.762961,211.086036,377.378746,287.729562,375.614413,295.556348,0.444435
"2023-07-11 15:20:00",51,12.066447,12.626270,0.318261,0.043500,103.597472,12.258990,68.197462,0.597033,4.865059,227.557454,497.540628,405.750069,277.483869,382.656460,281.620336,0.298895
"2023-07-11 15:30:00",52,12.209143,12.491740,0.147359,0.071919,102.648715,12.193029,50.179577,0.649573,2.760390,60.254250,209.265724,311.561472,243.442598,242.128885,284.991826,0.276401
"2023-07-11 15:40:00",53,12.219225,12.029604,0.911957,0.049675,101.985699,10.429413,53.477291,4.445349,2.858805,58.984716,214.973687,305.276160,292.637045,244.708428,287.865123,0.363323
"2023-07-11 15:50:00",54,12.046318,12.906603,0.926802,0.083473,102.720308,11.709212,54.110200,4.252277,3.247086,337.990070,416.496393,298.014944,215.348660,325.959436,291.630670,0.142060
"2023-07-11 16:00:00",55,12.105965,12.053546,0.226955,0.028381,102.124334,10.391271,57.488055,2.841578,2.937270,335.873208,446.161904,343.493010,224.207369,407.508488,287.652319,0.136984
"2023-07-11 16:10:00",56,12.497875,12.496364,0.787780,0.072127,104.391323,12.307727,51.693345,2.242965,1.015084,179.397713,426.719868,343.454620,442.845559,395.467834,283.960556,0.281498
"2023-07-11 16:20:00",57,12.100564,12.834616,0.536272,0.094301,102.461312,11.108626,58.311969,1.663993,2.744306,353.983405,351.184666,270.099871,499.498579,215.872552,299.456722,0.253045
"2023-07-11 16:30:00",58,12.128297,12.134298,0.282594,0.031250,103.671372,14.612292,53.999601,1.880968,4.767909,288.832432,329.563539,301.961358,272.640451,225.382267,285.924356,0.011478
"2023-07-11 16:40:00",59,12.027317,12.919433,0.516490,0.018204,102.405601,13.581928,56.665000,2.374379,2.163193,192.709282,477.623459,276.680644,399.345757,483.817821,297.019196,0.089370
"2023-07-11 16:50:00",60,12.150054,12.656346,0.250419,0.098668,103.689797,13.310746,64.538238,4.316490,3.880743,204.722731,429.960307,256.350973,487.133040,442.803451,286.094088,0.092380
"2023-07-11 17:00:00",61,12.041298,12.817669,0.985190,0.060933,103.424406,14.689158,62.470921,4.688827,4.894679,57.905685,363.506633,213.603629,482.894633,373.998419,289.225338,0.059617
"2023-07-11 17:10:00",62,12.289589,12.464890,0.845102,0.086676,104.229497,10.075766,59.418310,3.988916,1.174620,15.060331,362.413228,255.989409,295.639087,240.958978,299.102283,0.125418
"2023-07-11 17:20:00",63,12.373559,12.615303,0.593888,0.051103,101.643843,11.538633,65.857619,1.475986,1.171920,139.831870,279.586183,406.309592,218.954789,423.389879,287.804716,0.253222
"2023-07-11 17:30:00",64,12.247630,12.846012,0.167728,0.059413,102.011113,13.572656,50.759712,2.386103,1.726299,139.129926,433.547452,336.156386,295.734133,282.452173,281.170263,0.039424
"2023-07-11 17:40:00",65,12.305492,12.160907,0.413609,0.050755,103.643766,12.660927,65.393123,1.831551,3.332001,252.178543,440.700857,388.473497,456.881677,279.540187,285.612386,0.382208
"2023-07-11 17:50:00",66,12.139516,12.686462,0.545558,0.060134,103.491893,12.810512,58.912378,1.241228,3.758557,202.381247,468.719557,492.909793,441.505174,492.355504,287.389778,0.136600
"2023-07-11 18:00:00",67,12.167851,12.294199,0.226705,0.063098,103.211510,12.567926,56.109263,2.808930,2.891660,202.175196,406.600071,472.810014,367.527939,432.677672,284.489114,0.282426
"2023-07-11 18:10:00",68,12.205357,12.334379,0.635605,0.059104,100.562049,10.394987,59.437458,4.877077,4.461639,247.708529,259.965861,267.795948,418.532813,492.801663,299.827236,0.237882
"2023-07-11 18:20:00",69,12.301009,12.874259,0.593877,0.064732,101.663004,12.655998,54.467023,4.603312,3.094247,230.673944,443.808204,280.464360,232.514307,378.579583,280.335384,0.000604
"2023-07-11 18:30:00",70,12.248434,12.694726,0.110449,0.090766,101.769751,10.474825,58.498106,4.799176,4.883687,329.635996,429.400748,205.412303,295.679222,260.774908,285.621999,0.223279
"2023-07-11 18:40:00",71,12.054563,12.307112,0.303968,0.010011,101.187388,10.843974,69.099274,2.822448,4.288875,169.119540,226.271563,246.400219,467.933981,222.875767,280.666701,0.255088
"2023-07-11 18:50:00",72,12.237687,12.195090,0.376444,0.093025,101.832997,10.026051,63.013585,4.189771,4.036682,357.896843,361.523598,418.650888,472.924153,266.979829,289.160106,0.350865
"2023-07-11 19:00:00",73,12.369692,12.215963,0.459324,0.078837,102.790780,13.781540,52.796940,2.383055,1.520003,138.211556,298.751396,386.586760,335.419785,361.969628,287.927962,0.450985
"2023-07-11 19:10:00",74,12.230297,12.810312,0.459096,0.018031,100.641123,14.456769,61.403342,4.653239,4.549741,107.251895,253.779443,242.847386,415.295819,495.727161,291.875265,0.074660
"2023-07-11 19:20:00",75,12.161747,12.926388,0.197141,0.057455,101.647104,14.908337,57.872848,3.852579,2.555421,78.138026,230.243222,309.990762,375.698886,357.066670,294.825449,0.286891
"2023-07-11 19:30:00",76,12.175678,12.922589,0.878579,0.051923,101.520660,13.821817,67.593609,4.637218,2.156768,196.257322,336.047714,383.610033,341.734384,201.636128,280.365108,0.220151
"2023-07-11 19:40:00",77,12.452698,12.511719,0.204968,0.087218,104.527929,10.384315,68.952793,4.317889,2.041551,324.530918,458.627400,473.789959,460.444395,372.407057,296.139446,0.100509
"2023-07-11 19:50:00",78,12.284932,12.858029,0.347013,0.069051,102.448103,10.571567,53.354238,4.618447,4.383774,105.647584,367.754676,218.577745,235.429874,254.655506,292.254711,0.492661
"2023-07-11 20:00:00",79,12.048700,12.658478,0.499922,0.021222,101.225331,11.537922,57.958764,0.511384,1.660410,58.262061,474.068614,273.179365,252.854623,296.247761,287.445932,0.386771
"2023-07-11 20:10:00",80,12.458681,12.177826,0.379626,0.091888,100.367573,14.548891,62.171394,3.545682,2.006637,256.272828,365.411561,296.713500,438.511799,460.644832,299.718919,0.385839
"2023-07-11 20:20:00",81,12.293358,12.963475,0.645584,0.058511,104.362473,12.860878,60.429065,3.897233,1.353813,154.419939,360.539587,299.529630,423.582177,237.394603,291.460983,0.436224
"2023-07-11 20:30:00",82,12.268274,12.104087,0.540172,0.025124,101.082946,12.873899,51.122615,2.607933,4.041773,119.906323,436.614343,466.590902,360.837494,489.387221,290.636256,0.460948
"2023-07-11 20:40:00",83,12.485216,12.291003,0.682407,0.048225,102.102976,14.768161,56.134096,2.369057,1.726135,121.530690,247.535445,404.813888,277.767565,318.003677,293.436149,0.351368
"2023-07-11 20:50:00",84,12.129040,12.526739,0.364091,0.012237,104.160732,14.844904,55.601167,4.529105,2.714542,67.127745,432.497423,234.346493,332.760235,309.663243,292.234496,0.185460
"2023-07-11 21:00:00",85,12.232827,12.499414,0.273221,0.076456,100.646002,12.957984,51.348063,3.306359,3.288347,129.493673,295.975780,279.692116,477.446587,354.548357,289.142839,0.202592
"2023-07-11 21:10:00",86,12.137632,12.856086,0.802246,0.036747,103.346817,10.009155,59.132957,4.702592,2.881826,4.579588,457.169494,234.426656,252.871999,310.175040,284.784186,0.407220
"2023-07-11 21:20:00",87,12.055209,12.329566,0.111674,0.097844,104.663155,12.041060,53.025534,0.613068,3.673762,116.835328,335.272797,454.900943,314.351995,459.437170,291.549250,0.200880
"2023-07-11 21:30:00",88,12.218571,12.415028,0.274300,0.023550,101.700597,13.296775,62.145196,1.298878,2.000112,135.236444,223.750881,370.005175,237.891279,319.818538,282.350621,0.493866
"2023-07-11 21:40:00",89,12.471302,12.689845,0.918447,0.088306,100.617837,12.511071,63.950359,2.825028,2.812016,89.132470,256.450474,266.461725,382.630194,252.328467,298.573683,0.180306
"2023-07-11 21:50:00",90,12.154638,12.280982,0.709769,0.034058,103.442271,14.999702,64.091926,0.982517,4.994679,332.997120,373.237652,483.978776,224.093061,319.620686,292.736281,0.435217
"2023-07-11 22:00:00",91,12.344140,12.067544,0.439852,0.092428,101.909308,10.888422,51.876949,4.785312,4.418595,343.358810,260.470440,394.432691,253.079584,470.179513,291.615153,0.444361
"2023-07-11 22:10:00",92,12.246769,12.372747,0.892664,0.084091,104.141852,11.952189,65.015601,2.262159,3.871091,116.295614,389.858577,453.939308,367.596892,234.686330,296.408852,0.160332
"2023-07-11 22:20:00",93,12.087247,12.087294,0.468673,0.069063,100.962521,13.941783,67.079028,1.906717,2.026441,59.265058,341.134755,379.160750,319.178755,406.460344,287.804164,0.010119
"2023-07-11 22:30:00",94,12.363967,12.890636,0.139622,0.019038,100.351897,12.470238,50.221374,1.773786,3.919071,224.980660,243.073112,365.400402,376.512950,363.755504,289.901525,0.364129
"2023-07-11 22:40:00",95,12.194142,12.221446,0.332653,0.022346,101.563680,13.225663,60.307814,0.507055,3.683418,59.077906,297.688804,306.699271,242.842436,423.044150,286.428892,0.341685
"2023-07-11 22:50:00",96,12.216029,12.452950,0.563740,0.024627,100.959088,10.911742,67.711367,0.774930,3.845704,243.555376,428.912526,204.701969,411.088180,410.831397,288.505813,0.150601
"2023-07-11 23:00:00",97,12.430517,12.922938,0.480606,0.010160,103.529795,14.401415,67.498265,2.736768,2.783031,42.840413,284.625110,380.713685,447.371671,310.957089,284.214283,0.165992
"2023-07-11 23:10:00",98,12.271954,12.219291,0.911980,0.098144,102.730446,14.882970,63.573108,3.432307,3.101236,135.155496,403.413692,214.974619,497.078719,329.118857,281.391288,0.399011
"2023-07-11 23:20:00",99,12.143127,12.337434,0.415711,0.063537,101.578916,10.097438,59.632233,2.322068,1.134191,14.966658,298.887359,392.565812,434.848014,355.664341,296.783405,0.223728
"2023-07-11 23:30:00",100,12.463095,12.790587,0.567915,0.041979,103.858609,12.051580,58.416245,2.266282,1.064221,213.169903,263.880285,222.725664,276.704916,387.995249,289.103429,0.386373
"2023-07-11 23:40:00",101,12.204657,12.214724,0.385503,0.036146,103.429208,12.797985,57.803842,3.695881,2.647005,9.124020,381.850511,432.537598,438.708165,364.027488,298.390449,0.438287
"2023-07-11 23:50:00",102,12.073106,12.909499,0.201375,0.074235,104.583245,14.436430,57.258750,3.170536,4.556803,91.393590,287.636271,310.067883,424.269139,357.660801,282.028140,0.012517
"2023-07-12 00:00:00",103,12.488023,12.625366,0.407463,0.078181,100.122225,13.009906,50.824394,1.664969,2.275012,213.880902,301.307873,211.057806,366.929143,456.484780,296.795006,0.203410
"2023-07-12 00:10:00",104,12.212863,12.383356,0.761053,0.094325,100.876086,13.198833,58.001243,2.315637,4.498114,3.640812,452.988050,431.264652,430.700509,433.054973,289.861724,0.276455
"2023-07-12 00:20:00",105,12.058974,12.839990,0.956182,0.026694,102.315428,11.601469,69.331728,3.514799,1.794634,132.058338,216.712585,470.606207,281.459490,381.121290,284.317510,0.373989
"2023-07-12 00:30:00",106,12.165998,12.361271,0.257824,0.086618,104.900243,11.900621,66.191576,2.204027,3.968530,315.018362,463.851562,343.547635,370.412023,493.426195,285.501879,0.104746
"2023-07-12 00:40:00",107,12.061551,12.469588,0.303266,0.077559,104.121497,13.095275,53.203814,2.557960,2.053259,190.879539,426.526898,289.339068,434.920485,411.793273,282.519922,0.114966
"2023-07-12 00:50:00",108,12.059077,12.227223,0.354398,0.030331,102.720011,10.766719,68.687439,3.814023,1.689584,238.987050,255.692673,284.959776,442.695056,331.288076,290.626718,0.197032
"2023-07-12 01:00:00",109,12.180883,12.517732,0.961348,0.064864,104.443817,13.879854,63.572931,3.157602,3.622422,280.292067,455.789134,290.236706,470.374352,209.089713,282.097839,0.193719
"2023-07-12 01:10:00",110,12.242909,12.651637,0.387419,0.022792,100.521916,12.700050,59.403306,4.749418,1.244819,69.072677,375.783438,403.489687,401.570822,237.174413,289.126961,0.285530
"2023-07-12 01:20:00",111,12.426121,12.120424,0.566797,0.077626,103.747010,14.784423,67.159499,2.410584,4.482647,56.101776,433.514394,203.008921,418.507701,213.026477,288.234057,0.212720
"2023-07-12 01:30:00",112,12.372155,12.138566,0.385322,0.095808,101.328523,14.477424,68.430764,2.408819,3.458105,129.103740,330.817667,270.434978,206.900307,405.545432,294.395350,0.418724
"2023-07-12 01:40:00",113,12.116211,12.610531,0.113827,0.019243,102.676880,12.459460,53.690307,0.450985,2.081571,338.968694,294.348988,299.798037,260.260568,210.891128,296.086397,0.085417
"2023-07-12 01:50:00",114,12.049801,12.948441,0.431565,0.027535,100.595272,11.474533,57.440303,2.772941,2.366072,105.275513,335.451250,431.294016,343.997864,429.493595,296.360974,0.321064
"2023-07-12 02:00:00",115,12.045561,12.585447,0.195415,0.094794,101.914128,12.358764,50.326137,4.746846,1.892728,139.290198,359.346012,349.288108,222.839521,252.438584,299.040510,0.269801
"2023-07-12 02:10:00",116,12.059681,12.161089,0.814518,0.051633,104.438323,13.081469,57.081669,0.745094,4.196226,91.519513,270.058673,274.573900,341.424787,437.012133,281.700646,0.138304
"2023-07-12 02:20:00",117,12.492514,12.304805,0.671583,0.064624,103.903071,14.711034,65.999309,0.567418,4.560050,54.105271,321.226461,237.048273,494.097668,431.264103,295.800205,0.011828
"2023-07-12 02:30:00",118,12.031445,12.039579,0.603644,0.043129,103.653716,13.056835,52.990537,3.334739,2.541895,37.762912,392.237816,202.532633,330.480175,251.277317,294.172459,0.443091
"2023-07-12 02:40:00",119,12.042505,12.557851,0.318149,0.095586,103.612214,14.478084,66.657483,2.564088,3.954066,262.452976,356.401103,215.143113,224.859605,364.946492,286.676818,0.097447
"2023-07-12 02:50:00",120,12.176742,12.557717,0.978891,0.092884,102.772841,11.170706,64.494041,0.688327,4.308695,303.725592,434.214671,276.958780,406.913278,208.084568,285.141847,0.021783
"2023-07-12 03:00:00",121,12.253837,12.237538,0.449763,0.042884,100.922986,10.458453,56.372085,4.694517,1.832279,241.225308,212.017547,471.981350,472.939933,251.649540,298.186204,0.399911
"2023-07-12 03:10:00",122,12.305321,12.968391,0.143258,0.088295,100.028475,13.978992,57.759843,4.290740,3.049944,236.680451,222.104632,343.538985,319.557547,222.655122,293.038819,0.383908
"2023-07-12 03:20:00",123,12.436923,12.587274,0.974069,0.025559,100.374429,11.760377,67.192164,1.848255,2.678471,257.574975,229.150567,402.512264,343.812330,392.955506,281.647335,0.273310
"2023-07-12 03:30:00",124,12.364834,12.765972,0.130899,0.022853,103.347392,13.080166,66.463327,2.134752,2.500594,72.088856,227.369008,321.920671,251.146234,495.590270,286.168047,0.083208
"2023-07-12 03:40:00",125,12.351180,12.100712,0.455366,0.085285,100.341737,12.081781,66.624422,4.792220,2.874577,231.082336,381.288982,480.943256,240.160027,267.005607,285.217979,0.202365
"2023-07-12 03:50:00",126,12.284194,12.660201,0.648581,0.095871,100.838247,12.074687,69.167227,4.605229,2.427666,76.455414,300.226692,235.305054,237.947410,367.863552,291.227311,0.134493
"2023-07-12 04:00:00",127,12.261057,12.338569,0.485545,0.032570,100.748687,10.319684,60.921643,4.979423,2.422717,359.986720,303.108146,375.058608,221.362931,420.647505,293.124171,0.196629
"2023-07-12 04:10:00",128,12.357395,12.938765,0.299780,0.095079,102.826382,10.375933,65.655800,0.252506,2.060861,322.073705,404.998871,454.311592,272.556007,398.590596,297.215140,0.421740
"2023-07-12 04:20:00",129,12.068569,12.355344,0.787710,0.077977,102.995220,13.131258,60.114328,1.603804,4.743371,324.284802,401.658758,232.886619,396.912900,343.482686,284.393953,0.476199
"2023-07-12 04:30:00",130,12.264968,12.134277,0.241310,0.088802,103.109776,12.716352,56.539941,3.494561,2.125530,100.712844,428.467316,448.700590,371.131747,280.658643,294.413358,0.437535
"2023-07-12 04:40:00",131,12.185650,12.435627,0.658431,0.058307,102.593243,10.567343,51.611475,0.898899,1.051242,130.524622,469.950141,405.804549,237.116827,210.337685,299.036090,0.302456
"2023-07-12 04:50:00",132,12.483910,12.323409,0.421106,0.026206,102.397004,14.721152,59.752744,0.802744,4.569883,224.589342,444.686653,351.409468,311.437175,433.441981,296.891448,0.282704
"2023-07-12 05:00:00",133,12.404770,12.752786,0.194148,0.097186,102.608756,13.635116,54.637690,2.789133,1.097705,254.262802,203.816139,320.972223,467.155245,417.753637,285.790139,0.086003
"2023-07-12 05:10:00",134,12.413643,12.307082,0.146665,0.082220,101.692329,10.436987,64.878543,2.555502,1.512162,134.878004,297.305381,323.113161,458.743478,340.158813,287.985946,0.438029
"2023-07-12 05:20:00",135,12.219283,12.538267,0.334806,0.036754,101.019196,13.312491,52.004579,0.416701,4.515167,346.736874,277.290396,268.654726,411.499984,247.451456,286.613102,0.096695
"2023-07-12 05:30:00",136,12.453357,12.133121,0.714596,0.045936,101.729185,13.594916,66.584413,1.340482,2.796664,266.066529,422.786732,388.950578,342.410173,333.410746,296.332950,0.180298
"2023-07-12 05:40:00",137,12.207171,12.298435,0.316145,0.046731,100.093944,11.477911,55.678988,2.684137,3.141299,287.883611,260.307541,316.158891,209.426482,281.409603,293.721227,0.481010
"2023-07-12 05:50:00",138,12.234580,12.116970,0.545929,0.054442,104.912590,12.579386,58.779591,2.177010,4.170887,58.293100,426.600424,308.056627,420.827696,261.455418,299.154069,0.449646
"2023-07-12 06:00:00",139,12.254179,12.281792,0.649831,0.018665,102.656675,14.443107,54.051401,4.892146,2.930835,345.835957,315.467709,394.409850,441.479674,201.952936,291.492751,0.379930
"2023-07-12 06:10:00",140,12.249812,12.873995,0.510383,0.074864,100.012666,13.066566,69.450174,1.645241,1.527910,30.326103,234.504349,408.126096,439.840069,264.563732,290.110813,0.183536
"2023-07-12 06:20:00",141,12.458750,12.685646,0.447976,0.091451,103.266703,11.541051,50.963013,1.688789,2.239026,260.927124,236.858308,400.796110,419.445293,285.616444,295.006898,0.336219
"2023-07-12 06:30:00",142,12.105478,12.332591,0.247851,0.041762,104.093207,10.928882,63.165469,1.397574,1.464325,78.045573,366.875059,493.126891,439.696360,439.908148,285.162010,0.218709
"2023-07-12 06:40:00",143,12.172297,12.747319,0.785721,0.019236,104.637059,14.859236,51.904234,0.644403,3.078337,116.924704,250.093125,215.598248,322.750013,231.816891,282.414951,0.343185
"2023-07-12 06:50:00",144,12.443787,12.870179,0.851431,0.077158,102.064528,13.622036,57.482267,2.004369,3.159971,231.446162,203.733271,424.203051,267.423695,305.143598,292.807999,0.015611
"2023-07-12 07:00:00",145,12.194837,12.828979,0.838887,0.090559,104.468282,13.402453,50.159627,2.836194,4.997117,193.005630,357.202000,402.768882,307.064198,281.565407,285.909570,0.246243
"2023-07-12 07:10:00",146,12.180505,12.223654,0.520579,0.091606,103.797514,11.523152,68.133350,2.344988,3.658998,234.933751,227.413903,330.568148,384.268566,468.827378,285.740512,0.394263
"2023-07-12 07:20:00",147,12.140113,12.986901,0.673773,0.036755,101.111488,10.002633,67.600041,4.089957,1.622621,304.605126,236.871345,225.694347,437.600668,499.406338,280.553098,0.457715
"2023-07-12 07:30:00",148,12.431023,12.854498,0.374385,0.084309,102.471223,14.270992,63.526251,0.988278,2.110583,197.914158,328.966454,467.806725,289.386837,286.242117,283.397047,0.356398
"2023-07-12 07:40:00",149,12.093146,12.530382,0.332920,0.075086,104.517939,13.200041,56.201607,4.755110,1.591427,71.909559,245.608942,253.075441,241.059650,286.054064,286.907430,0.093993
"2023-07-12 07:50:00",150,12.410471,12.574024,0.317468,0.087592,101.746315,12.000970,63.431892,3.401219,2.681018,112.189614,292.633455,489.708261,424.160861,259.748726,295.289208,0.098302
"2023-07-12 08:00:00",151,12.275067,12.355123,0.682483,0.091915,102.581486,13.795972,54.187543,1.377056,2.141072,57.613168,228.196148,250.582679,379.866138,446.261176,287.879228,0.218782
"2023-07-12 08:10:00",152,12.016968,12.984782,0.169582,0.090342,102.559838,11.015825,58.699093,1.648229,1.645848,44.818484,454.835971,329.946076,486.384173,228.648430,293.235799,0.225819
"2023-07-12 08:20:00",153,12.377084,12.731165,0.121537,0.039571,104.823372,12.561210,65.023360,4.857067,4.418304,333.121803,419.727004,303.311080,249.257135,303.956629,282.385783,0.248590
"2023-07-12 08:30:00",154,12.093139,12.385780,0.681125,0.061424,103.757506,10.028827,59.588662,3.758322,2.128278,139.020545,354.312412,366.022786,495.865492,240.038226,285.091885,0.246295
"2023-07-12 08:40:00",155,12.386610,12.261228,0.366023,0.060394,103.882257,13.159438,69.763564,2.691836,2.927832,47.995157,381.026120,330.052366,308.781573,351.286491,289.540283,0.130789
"2023-07-12 08:50:00",156,12.452286,12.730574,0.846973,0.033978,102.497340,14.032236,56.358080,1.097610,3.149782,30.822654,239.300477,369.733820,469.496454,253.455230,298.700567,0.212678
"2023-07-12 09:00:00",157,12.315201,12.780866,0.330078,0.071199,102.464019,11.860057,67.702271,1.929848,3.171474,352.845709,301.836666,366.115285,354.100255,255.937553,288.709365,0.029073
"2023-07-12 09:10:00",158,12.400168,12.347498,0.311597,0.029521,102.681943,14.426651,60.847552,1.912878,4.272838,336.441966,482.297041,288.967491,254.975798,221.185142,288.481190,0.043815
"2023-07-12 09:20:00",159,12.007151,12.379666,0.954347,0.093067,101.077082,10.891754,52.147499,2.002998,3.876366,247.319607,317.402771,314.747825,450.462536,260.498397,289.279312,0.450389
"2023-07-12 09:30:00",160,12.085981,12.713053,0.777151,0.029305,101.804715,11.145011,63.548190,3.179879,2.387406,93.461789,372.348000,327.566053,328.352136,281.074726,281.429590,0.240992
"2023-07-12 09:40:00",161,12.144718,12.518887,0.309879,0.036594,102.861099,12.708665,62.051355,3.067046,4.846370,45.762687,273.362006,415.580914,362.446173,451.605641,287.593350,0.224891
"2023-07-12 09:50:00",162,12.381969,12.565849,0.170440,0.091978,102.997785,13.165348,58.308717,4.279059,3.181129,138.716678,497.316068,373.928861,495.425640,386.858067,280.330535,0.039109
"2023-07-12 10:00:00",163,12.000101,12.366745,0.381071,0.051205,101.036458,12.124695,62.408748,2.808772,3.190727,349.778787,221.840920,223.376853,426.552394,308.236566,295.965593,0.099728
"2023-07-12 10:10:00",164,12.432210,12.760226,0.840400,0.012396,100.237296,14.552134,52.376420,0.648998,3.474091,265.622966,321.736588,297.661170,225.969974,347.358447,283.231956,0.088684
"2023-07-12 10:20:00",165,12.175729,12.081248,0.522487,0.080526,104.561857,13.548788,62.898098,3.518757,3.364958,226.215190,410.954855,339.092460,387.928313,269.680075,297.373968,0.271906
"2023-07-12 10:30:00",166,12.489394,12.094541,0.797216,0.038954,103.725284,10.090539,64.651080,4.516935,4.116160,31.203482,486.080927,231.121376,312.380081,416.492742,298.183291,0.372810
"2023-07-12 10:40:00",167,12.291949,12.148632,0.541720,0.061947,101.939408,12.689344,67.417147,0.365712,4.656801,307.174127,429.965968,411.427273,457.469459,480.561020,288.569489,0.311821
"2023-07-12 10:50:00",168,12.410684,12.247444,0.479681,0.011051,102.730746,13.115834,64.109272,2.100425,2.090066,278.523443,295.542159,446.155790,376.868809,283.358847,290.568280,0.084598
"2023-07-12 11:00:00",169,12.167359,12.735344,0.408204,0.053180,102.239649,10.731757,59.236079,0.036443,4.436622,199.589956,342.564215,260.278302,303.443755,405.362339,293.079999,0.484729
"2023-07-12 11:10:00",170,12.277301,12.835867,0.130370,0.061064,102.202664,14.049125,66.161557,2.422005,4.104958,354.208029,407.718592,275.813535,267.299230,400.976343,294.957527,0.234947
"2023-07-12 11:20:00",171,12.074853,12.364237,0.154883,0.074814,100.719979,11.010779,50.830697,3.586237,4.823984,109.971134,341.362871,264.627046,367.954811,366.167781,297.649588,0.383553
"2023-07-12 11:30:00",172,12.012627,12.827852,0.946010,0.066073,103.922235,11.270192,65.732617,2.286823,1.247056,300.548701,350.933764,398.848871,252.123059,329.772660,281.538909,0.210577
"2023-07-12 11:40:00",173,12.439919,12.621022,0.103844,0.026695,100.370020,14.115768,56.651403,3.274492,4.044209,163.338899,413.951670,382.885379,270.637018,208.070580,298.057881,0.168069
"2023-07-12 11:50:00",174,12.399845,12.091273,0.295970,0.037287,104.108557,11.085109,64.046508,2.819977,3.009280,98.676772,359.785282,353.525497,438.221961,221.884357,294.412604,0.228392
"2023-07-12 12:00:00",175,12.018276,12.831619,0.810003,0.078857,101.016704,11.105630,68.828502,0.821468,1.463657,193.117153,493.002288,336.650596,424.501101,233.641164,297.045444,0.440221
"2023-07-12 12:10:00",176,12.496921,12.971254,0.133007,0.058389,103.212539,10.234394,53.133394,2.259765,4.967881,83.513468,319.366358,428.743472,355.346184,490.516665,291.995164,0.184737
"2023-07-12 12:20:00",177,12.422558,12.102706,0.290796,0.060780,100.451886,10.633144,62.454288,1.110767,1.768918,219.073990,434.445930,480.848603,375.378545,451.777630,288.061104,0.381081
"2023-07-12 12:30:00",178,12.152401,12.576241,0.633888,0.021406,100.698053,12.904016,58.748689,2.788412,1.517356,289.917326,347.894706,210.954585,230.903269,336.688530,294.777318,0.245486
"2023-07-12 12:40:00",179,12.080525,12.771105,0.813240,0.074226,100.754549,13.717259,62.827435,1.920478,1.626739,72.883833,442.256249,245.687039,472.228445,201.724908,292.460875,0.001281
"2023-07-12 12:50:00",180,12.402923,12.483524,0.159645,0.085233,104.956362,14.674124,66.447833,2.841193,2.730048,351.403637,291.740324,289.951009,313.128336,362.355189,295.867588,0.269364
"2023-07-12 13:00:00",181,12.312856,12.444237,0.927556,0.044120,102.978924,13.403763,64.132131,0.715205,1.934516,333.649301,409.407492,318.977428,476.252515,291.254015,280.784468,0.388890
"2023-07-12 13:10:00",182,12.018376,12.866723,0.916219,0.032810,104.755043,13.302045,65.520702,3.483973,1.025183,272.440241,339.886923,431.771819,212.585474,208.613589,295.790422,0.253128
"2023-07-12 13:20:00",183,12.280414,12.433702,0.739350,0.084850,102.682269,13.362656,67.302374,3.622518,3.320701,109.800780,266.920592,415.571459,282.800731,311.071265,296.549489,0.257118
"2023-07-12 13:30:00",184,12.367164,12.227499,0.605671,0.060486,100.822435,11.955713,58.406515,1.427597,2.872766,34.595915,485.180456,432.285757,371.781786,452.756063,290.320192,0.490156
"2023-07-12 13:40:00",185,12.239212,12.330292,0.867721,0.037131,104.188866,10.584172,55.469568,0.883227,1.640905,208.805089,494.368579,295.571272,315.402363,307.582254,295.981087,0.252758
"2023-07-12 13:50:00",186,12.477588,12.552149,0.308390,0.099580,100.600907,14.401403,63.984455,2.056662,1.155820,336.828737,419.875938,222.091124,294.258420,408.023899,293.642538,0.427271
"2023-07-12 14:00:00",187,12.008084,12.794427,0.626474,0.099287,101.579888,12.930630,50.478402,3.213383,3.426421,353.644844,347.539569,332.688802,383.151252,488.300127,289.661756,0.008850
"2023-07-12 14:10:00",188,12.316175,12.036909,0.412005,0.065195,104.680789,14.614317,62.630634,1.830895,4.951916,45.410006,202.199536,320.726868,213.693849,319.278869,297.193429,0.467476
"2023-07-12 14:20:00",189,12.443228,12.451149,0.235575,0.087758,102.515251,13.531488,50.525865,4.719466,2.049108,117.320465,301.575392,301.819550,254.366333,257.070368,293.320608,0.171197
"2023-07-12 14:30:00",190,12.358329,12.369635,0.603184,0.084191,102.988636,11.822495,69.758804,2.061745,4.013745,196.926175,323.901598,419.747519,341.880920,390.189032,286.105464,0.468692
"2023-07-12 14:40:00",191,12.076380,12.468927,0.316825,0.094005,103.988577,14.522028,51.753768,3.366722,4.680510,209.012646,275.371540,277.295670,357.845116,451.513405,293.288251,0.291918
"2023-07-12 14:50:00",192,12.061615,12.898315,0.850246,0.010611,102.096058,11.418373,55.226331,0.725564,4.937010,154.408946,495.686870,241.795529,295.216161,390.345410,284.188004,0.017356
"2023-07-12 15:00:00",193,12.469730,12.869272,0.245231,0.041332,103.609082,13.923741,61.846643,2.989285,1.136656,189.469130,291.830134,338.813188,364.440815,372.586347,294.345319,0.235368
"2023-07-12 15:10:00",194,12.123764,12.233942,0.436048,0.075435,104.661338,13.791842,61.032739,3.034291,4.912081,146.702303,303.653609,288.590724,276.843571,473.140305,285.008087,0.036689
"2023-07-12 15:20:00",195,12.095871,12.830716,0.969458,0.069256,102.288787,10.426066,59.603793,4.737512,4.689130,305.469652,389.047114,363.756707,399.109916,265.768844,286.684824,0.075866
"2023-07-12 15:30:00",196,12.378086,12.853617,0.240640,0.017590,102.960057,10.155162,56.399001,0.194337,3.686525,195.296280,285.617000,422.511434,272.420822,482.525555,296.858462,0.019728
"2023-07-12 15:40:00",197,12.176520,12.476376,0.216607,0.033729,104.433777,14.510308,61.260625,3.700422,1.826505,78.534252,260.561918,384.434741,314.135114,352.035073,286.856265,0.366646
"2023-07-12 15:50:00",198,12.074843,12.016639,0.454767,0.067389,102.940555,12.265123,63.476936,4.175187,2.939597,321.026619,242.836865,280.500640,284.772802,276.898708,284.442129,0.390684
"2023-07-12 16:00:00",199,12.482054,12.177582,0.674204,0.098323,102.176384,13.518611,68.021743,2.633544,1.130540,31.469514,383.131813,270.389201,209.787347,393.111998,291.857893,0.002654
"2023-07-12 16:10:00",200,12.363047,12.420760,0.940941,0.057099,100.581596,12.818923,66.748752,2.409416,1.305071,167.775874,422.144148,452.929558,377.435584,236.512446,289.035474,0.424483
"2023-07-12 16:20:00",201,12.285425,12.384485,0.168015,0.011356,103.626797,11.597083,54.550241,4.469120,1.207071,100.284404,322.927006,445.978099,448.239432,381.525316,288.356440,0.432824
"2023-07-12 16:30:00",202,12.490041,12.576044,0.105497,0.056623,100.726609,12.000861,55.361883,2.789159,4.067126,4.693937,354.103573,314.899024,261.857810,271.546015,284.023883,0.451447
"2023-07-12 16:40:00",203,12.267011,12.204067,0.727852,0.079754,104.167962,14.166912,64.313737,3.914280,1.422624,29.479548,288.024776,307.531224,389.649125,307.949385,294.289382,0.459126
"2023-07-12 16:50:00",204,12.036368,12.407126,0.701355,0.031194,104.307228,11.497019,51.415325,2.935182,1.357875,202.047046,457.830589,414.694526,464.702452,357.028005,286.225070,0.024131
"2023-07-12 17:00:00",205,12.495262,12.732085,0.224206,0.035801,102.134255,14.017411,56.548304,2.095231,4.161340,36.961996,295.075646,403.379579,471.778848,498.742531,284.664769,0.351915
"2023-07-12 17:10:00",206,12.074646,12.883402,0.631502,0.083682,103.621994,12.293237,52.199224,1.887095,1.230129,185.768275,278.794730,290.137036,380.700267,231.949157,281.037722,0.156068
"2023-07-12 17:20:00",207,12.213170,12.583366,0.298165,0.034943,102.589091,12.706858,56.480978,1.620885,1.779671,244.829097,272.089111,411.270945,386.059246,318.102880,282.107608,0.211774
"2023-07-12 17:30:00",208,12.273282,12.935631,0.842526,0.087354,100.841793,11.152356,51.533180,1.335449,3.557505,37.398138,416.322371,466.699432,255.705857,308.029658,282.303804,0.339647
"2023-07-12 17:40:00",209,12.476213,12.588307,0.938176,0.075436,101.833290,10.253090,54.970932,1.140533,4.291551,13.078202,482.395605,443.981689,407.876914,306.540861,285.908093,0.355649
"2023-07-12 17:50:00",210,12.352136,12.049280,0.244800,0.019066,103.172261,10.264448,55.113998,3.071386,1.287029,321.747463,468.748536,399.249708,477.270584,247.912818,294.806613,0.220979
"2023-07-12 18:00:00",211,12.285488,12.136915,0.951966,0.063343,103.556464,13.358555,63.911011,1.796401,3.075316,42.008051,281.693469,408.302789,201.647689,243.120073,287.486207,0.390759
"2023-07-12 18:10:00",212,12.046636,12.277929,0.211647,0.056820,100.081398,11.377686,52.716772,2.510248,4.490298,122.645775,386.148399,331.017299,370.609752,421.919441,294.672558,0.095715
"2023-07-12 18:20:00",213,12.391215,12.623981,0.784274,0.087920,102.358587,10.457622,60.729111,0.511677,3.924470,226.392762,473.046945,364.308194,450.020933,319.630723,281.433903,0.229509
